,Area,Channel,LSUID,Subbasin,lsu_id,region
1,34.44,1,10,11,1,IMP
2,5.25,2,20,11,2,IMP
3,368,3,30,11,3,IMP
4,1859.25,4,40,9,4,IMP
5,197.63,5,50,9,5,IMP
6,23.38,6,60,9,6,IMP
7,941.69,7,70,9,7,IMP
8,752.38,8,80,9,8,IMP
9,48.88,9,90,3,9,CRB
10,6216.63,10,100,1,10,IMP
11,4589.31,11,110,3,11,DTH
12,20.44,12,120,3,12,IMP
13,2579.44,13,130,4,13,CRB
14,5041.56,14,140,1,14,IMP
15,1914.13,15,150,2,15,DTH
16,438.63,16,160,5,16,IMP
17,1553.94,17,170,4,17,CRB
18,43.31,18,180,5,18,DTH
19,234.19,19,190,5,19,IMP
20,405.5,20,200,4,20,DTH
21,907.69,21,210,2,21,IMP
22,845.13,22,220,2,22,IMP
23,528.75,23,230,4,23,DTL
24,371.94,24,240,5,24,IMP
25,35.06,25,250,5,25,IMP
26,1336.56,26,260,5,26,IMP
27,4340.44,27,270,3,27,IMP
28,1239.81,28,280,4,28,DTH
29,349.94,29,290,10,29,CRB
30,3482.69,30,300,1,30,IMP
31,62.88,31,310,4,31,CRB
32,2592.44,32,320,6,32,DTH
33,1326.5,33,330,5,33,IMP
34,950.25,34,340,1,34,IMP
35,4019.38,35,350,2,35,IMP
36,488,36,360,7,36,IMP
37,24.13,37,370,3,37,IMP
38,122.63,38,380,7,38,IMP
39,1063.94,39,390,4,39,DTL
40,1479.13,40,400,2,40,IMP
41,3745.56,41,410,5,41,IMP
42,1438.94,42,420,3,42,IMP
43,46,43,430,7,43,IMP
44,3774.56,44,440,4,44,DTL
45,218.13,45,450,4,45,CRB
46,2334.94,46,460,7,46,IMP
47,1663.13,47,470,1,47,IMP
48,2221.13,48,480,3,48,IMP
49,3751.69,49,490,8,49,CRB
50,1105.94,50,500,4,50,CRB
51,2546.19,52,520,1,51,IMP
52,146.38,53,530,5,52,IMP
53,1673.56,54,540,2,53,IMP
54,422.56,55,550,1,54,IMP
55,312.44,56,560,8,55,CRB
56,5802.69,57,570,6,56,DTL
57,3295.5,58,580,4,57,DTL
58,2059.63,59,590,7,58,IMP
59,2.75,60,600,9,59,IMP
60,435.56,61,610,3,60,IMP
61,784.38,62,620,4,61,DTL
62,154.31,63,630,4,62,DTL
63,359.38,64,640,2,63,DTL
64,764.94,65,650,9,64,IMP
65,165.75,66,660,3,65,IMP
66,3522.38,67,670,10,66,DTL
67,2271.94,68,680,5,67,IMP
68,1575.63,69,690,1,68,CRB
69,69.06,70,700,2,69,DTL
70,78.44,71,710,5,70,DTH
71,338.44,72,720,5,71,IMP
72,433.38,73,730,3,72,IMP
73,2840.81,74,740,8,73,CRB
74,1601.81,75,750,14,74,DTL
75,1686.56,76,760,14,75,DTL
76,2202.31,77,770,9,76,IMP
77,1733.75,78,780,11,77,IMP
78,1473.94,79,790,9,78,IMP
79,1442,80,800,10,79,DTL
80,2323.13,81,810,3,80,IMP
81,1881.44,82,820,10,81,CRB
82,3422.88,83,830,5,82,IMP
83,1417.56,84,840,6,83,CRB
84,1950.75,85,850,9,84,IMP
85,2160.81,86,860,8,85,CRB
86,2958.13,87,870,9,86,IMP
87,1463,88,880,10,87,CRB
88,1544.06,89,890,5,88,IMP
89,2304.06,90,900,10,89,DTL
90,2841.5,91,910,4,90,CRB
91,1586.06,92,920,5,91,IMP
92,2248.31,93,930,3,92,DTH
93,2583,94,940,8,93,CRB
94,2007.44,95,950,2,94,DTH
95,2764.5,96,960,7,95,IMP
96,2438.06,97,970,1,96,IMP
97,1594.5,98,980,7,97,IMP
98,2276.06,99,990,7,98,IMP
99,3624.88,100,1000,8,99,DTL
100,3211.25,101,1010,5,100,IMP
101,1594.31,102,1020,3,101,IMP
102,1596.81,103,1030,4,102,DTL
103,2038.06,104,1040,2,103,IMP
104,2080.38,105,1050,4,104,CRB
105,1771.25,106,1060,4,105,DTL
106,5042.75,107,1070,7,106,IMP
107,3020.38,108,1080,6,107,CRB
108,1578.56,109,1090,5,108,IMP
109,2234.31,110,1100,1,109,IMP
110,2598.69,111,1110,5,110,IMP
111,1756.06,112,1120,5,111,IMP
112,4327.5,113,1130,5,112,IMP
113,5429.13,114,1140,3,113,IMP
114,3333.94,115,1150,6,114,CRB
115,6012.5,116,1160,4,115,DTH
116,3463.88,117,1170,4,116,DTL
117,3470.94,118,1180,1,117,IMP
118,1885.63,119,1190,2,118,DTL
119,6994.44,120,1200,5,119,IMP
120,3310.31,121,1210,3,120,IMP
121,2041.94,122,1220,2,121,IMP
122,2204.63,123,1230,4,122,CRB
123,2668.94,124,1240,1,123,IMP
124,3661.81,125,1250,3,124,IMP
125,1692.5,126,1260,4,125,DTL
126,5554.94,127,1270,4,126,DTL
127,3386.44,128,1280,3,127,CRB
128,2662.25,129,1290,1,128,IMP
129,1739.88,130,1300,4,129,CRB
130,2141.44,131,1310,2,130,DTL
131,3213.56,132,1320,1,131,IMP
132,2570.75,133,1330,1,132,CRB
133,2519.56,134,1340,4,133,DTL
134,2660.38,135,1350,1,134,CRB
135,1530.75,136,1360,2,135,CRB
136,1484.25,137,1370,1,136,DTL
137,4040,138,1380,2,137,DTL
138,1100.13,139,1390,34,138,DTH
139,3355.31,140,1400,34,139,DTH
140,318.56,141,1410,34,140,DTH
141,70.06,142,1420,34,141,DTH
142,444.56,143,1430,31,142,DTH
143,4115.5,144,1440,31,143,DTH
144,20.25,145,1450,31,144,DTH
145,556.69,146,1460,31,145,DTH
146,337.56,147,1470,31,146,DTH
147,40.44,148,1480,31,147,DTH
148,0.75,149,1490,22,148,DTH
149,174.06,150,1500,22,149,DTH
150,4539.75,151,1510,30,150,DTH
151,46.56,152,1520,30,151,DTH
152,416.13,153,1530,22,152,DTH
153,1916.94,154,1540,30,153,CRB
154,1866.19,155,1550,22,154,DTH
155,10.75,156,1560,22,155,DTH
156,3391.63,157,1570,29,156,CRB
157,517.06,158,1580,29,157,CRB
158,1435.19,159,1590,29,158,CRB
159,4739.63,160,1600,22,159,DTH
160,29.56,161,1610,22,160,DTH
161,2916.31,162,1620,29,161,CRB
162,149,163,1630,36,162,CRB
163,8791.44,164,1640,22,163,DTH
164,1304.75,165,1650,11,164,DTH
165,8421.5,166,1660,36,165,CRB
166,2691.44,167,1670,11,166,IMP
167,174,168,1680,11,167,IMP
168,2160.88,169,1690,41,168,CRB
169,2121.56,170,1700,11,169,IMP
170,0.94,171,1710,11,170,IMP
171,510.63,172,1720,11,171,IMP
172,935.75,173,1730,11,172,IMP
173,4.13,174,1740,11,173,IMP
174,3250.44,175,1750,41,174,CRB
175,3131.13,176,1760,11,175,IMP
176,639.25,177,1770,19,176,CRB
177,2651.94,178,1780,21,177,DTH
178,3098.69,179,1790,10,178,CRB
179,2167.06,180,1800,19,179,CRB
180,70.25,181,1810,19,180,CRB
181,590.81,182,1820,19,181,CRB
182,1331.25,183,1830,10,182,DTL
183,8777.38,184,1840,21,183,DTH
184,2279.13,185,1850,21,184,DTH
185,3631.5,186,1860,18,185,DTL
186,0.38,187,1870,18,186,DTH
187,796,188,1880,18,187,CRB
188,4722.06,189,1890,28,188,DTH
189,5473.75,190,1900,10,189,DTL
190,1015.31,191,1910,18,190,DTL
191,167.13,192,1920,18,191,CRB
192,3033.44,193,1930,13,192,DTH
193,627.5,194,1940,18,193,CRB
194,367.81,195,1950,13,194,DTH
195,1768.69,196,1960,10,195,DTL
196,1543.81,197,1970,18,196,CRB
197,1779.75,198,1980,13,197,DTH
198,4022.63,199,1990,10,198,DTH
199,1023,200,2000,27,199,DTH
200,3169.69,201,2010,13,200,DTH
201,49.5,202,2020,27,201,DTH
202,1919.56,203,2030,10,202,DTH
203,8.56,204,2040,10,203,CRB
204,2131.94,205,2050,13,204,DTH
205,1493.13,206,2060,27,205,CRB
206,480.56,207,2070,25,206,CRB
207,4222.13,208,2080,10,207,CRB
208,0.75,209,2090,10,208,CRB
209,1956.81,210,2100,27,209,CRB
210,3419.69,211,2110,20,210,DTH
211,1309.06,212,2120,25,211,CRB
212,707.69,213,2130,12,212,DTH
213,731.88,214,2140,34,213,DTH
214,1384.56,215,2150,10,214,CRB
215,552.31,216,2160,25,215,CRB
216,2665.69,217,2170,5,216,DTH
217,2785.88,218,2180,27,217,CRB
218,136.13,219,2190,5,218,DTH
219,404.75,220,2200,27,219,CRB
220,868.13,221,2210,10,220,CRB
221,3778.88,222,2220,12,221,DTH
222,1420.94,223,2230,5,222,DTH
223,3271.81,224,2240,14,223,CRB
224,5365.06,225,2250,40,224,CRB
225,3311.13,226,2260,1,225,DTH
226,196.44,227,2270,14,226,CRB
227,2643.25,228,2280,10,227,CRB
228,1091.31,229,2290,11,228,IMP
229,2856.81,230,2300,27,229,DTL
230,4012.81,231,2310,5,230,DTH
231,1767.63,232,2320,1,231,DTH
232,974.81,233,2330,13,232,DTL
233,1127,234,2340,10,233,CRB
234,197.75,235,2350,12,234,DTH
235,486.25,236,2360,10,235,CRB
236,1145,237,2370,27,236,CRB
237,1089.5,238,2380,5,237,DTH
238,59.63,239,2390,27,238,CRB
239,152.75,240,2400,10,239,DTL
240,4281.06,241,2410,27,240,CRB
241,10766.56,242,2420,34,241,DTL
242,9622.56,243,2430,40,242,CRB
243,2069.56,244,2440,27,243,CRB
244,1895,245,2450,1,244,DTH
245,4876.94,246,2460,3,245,DTH
246,2692.5,247,2470,15,246,DTH
247,6481.94,248,2480,2,247,DTH
248,2468.69,249,2490,5,248,IMP
249,4336.56,250,2500,10,249,DTL
250,10409.25,251,2510,8,250,DTH
251,7128.44,252,2520,11,251,IMP
252,2521.31,253,2530,12,252,DTH
253,2656.56,254,2540,12,253,DTH
254,390.06,255,2550,9,254,IMP
255,3003.81,256,2560,14,255,DTL
256,3750.5,257,2570,13,256,DTH
257,1812.81,258,2580,10,257,DTL
258,1723.06,259,2590,10,258,CRB
259,2125,260,2600,17,259,DTL
260,1606.38,261,2610,24,260,DTH
261,973.25,262,2620,24,261,DTH
262,2293.94,263,2630,9,262,IMP
263,36.31,264,2640,9,263,IMP
264,5023.88,265,2650,17,264,DTL
265,1325.13,266,2660,38,265,DTH
266,596.44,267,2670,9,266,IMP
267,528,268,2680,38,267,CRB
268,1085.19,269,2690,9,268,IMP
269,0.13,270,2700,9,269,IMP
270,48.69,271,2710,9,270,IMP
271,1955.44,272,2720,17,271,DTL
272,2018.44,273,2730,33,272,IMP
273,34.31,274,2740,33,273,IMP
274,387.5,275,2750,35,274,DTH
275,1723.69,276,2760,9,275,IMP
276,149.94,277,2770,33,276,IMP
277,4857.63,278,2780,24,277,IMP
278,77.44,279,2790,24,278,IMP
279,2625.81,280,2800,9,279,IMP
280,17.56,281,2810,26,280,DTH
281,1168.06,282,2820,37,281,IMP
282,105.5,283,2830,33,282,IMP
283,9.38,284,2840,9,283,DTH
284,2219.19,285,2850,17,284,CRB
285,595.06,286,2860,29,285,CRB
286,979.31,287,2870,9,286,DTH
287,500.25,288,2880,33,287,IMP
288,2067.06,289,2890,24,288,IMP
289,156.31,290,2900,37,289,DTH
290,2466.56,291,2910,16,290,CRB
291,4700.88,292,2920,32,291,CRB
292,631.13,293,2930,10,292,DTH
293,121.69,294,2940,9,293,DTH
294,238.69,295,2950,21,294,DTH
295,122.56,296,2960,24,295,DTH
296,111.25,297,2970,37,296,DTH
297,1012.5,298,2980,19,297,DTL
298,754.44,299,2990,33,298,IMP
299,1336.44,300,3000,24,299,IMP
300,88.13,301,3010,18,300,DTL
301,783.75,302,3020,9,301,IMP
302,201.88,303,3030,21,302,DTH
303,5432.81,304,3040,35,303,CRB
304,747,305,3050,24,304,IMP
305,994.13,306,3060,34,305,DTL
306,602.69,307,3070,33,306,IMP
307,62.5,308,3080,33,307,IMP
308,725.81,309,3090,10,308,CRB
309,51.63,310,3100,9,309,IMP
310,3850.44,311,3110,22,310,DTH
311,349.94,312,3120,35,311,CRB
312,318.38,313,3130,33,312,IMP
313,1016.56,314,3140,10,313,CRB
314,1901.13,315,3150,24,314,IMP
315,19,316,3160,11,315,IMP
316,55.88,317,3170,24,316,DTH
317,4.13,318,3180,22,317,DTH
318,1875.63,319,3190,16,318,CRB
319,1641.56,320,3200,34,319,DTL
320,2959.44,321,3210,38,320,CRB
321,107.31,322,3220,33,321,IMP
322,751.31,323,3230,18,322,DTL
323,380.25,324,3240,31,323,DTH
324,207.69,325,3250,24,324,IMP
325,1017.63,326,3260,34,325,DTL
326,2823.13,327,3270,17,326,CRB
327,3779.44,328,3280,37,327,IMP
328,4151.31,329,3290,32,328,CRB
329,647.69,330,3300,37,329,IMP
330,420.94,331,3310,33,330,DTH
331,716.38,332,3320,37,331,IMP
332,299.19,333,3330,14,332,DTL
333,146.56,334,3340,34,333,DTL
334,1393.25,335,3350,26,334,DTH
335,643.69,336,3360,31,335,DTH
336,1336.5,337,3370,42,336,IMP
337,94.63,338,3380,27,337,CRB
338,367.88,339,3390,33,338,IMP
339,1917.13,340,3400,22,339,DTH
340,3347.06,341,3410,19,340,DTL
341,22.81,342,3420,11,341,IMP
342,355.06,343,3430,9,342,IMP
343,1574.13,344,3440,27,343,CRB
344,2378,345,3450,27,344,DTL
345,1688.13,346,3460,22,345,DTH
346,2556.31,347,3470,34,346,DTH
347,4569.19,348,3480,38,347,CRB
348,3019.63,349,3490,41,348,CRB
349,1686.44,350,3500,37,349,IMP
350,7729.94,351,3510,27,350,CRB
351,1495.94,352,3520,22,351,DTH
352,5578.06,353,3530,40,352,CRB
353,1687.31,354,3540,21,353,DTH
354,1647.75,355,3550,37,354,IMP
355,1786.38,356,3560,22,355,DTH
356,3159.06,357,3570,42,356,IMP
357,2944.94,358,3580,37,357,IMP
358,3225,359,3590,10,358,CRB
359,1775.56,360,3600,37,359,IMP
360,3351.94,361,3610,38,360,CRB
361,3918.63,362,3620,22,361,DTH
362,2979.69,363,3630,24,362,DTH
363,1847.31,364,3640,38,363,DTH
364,2499.31,365,3650,37,364,IMP
365,4253.63,366,3660,33,365,IMP
366,1617.19,367,3670,37,366,IMP
367,4414.5,368,3680,35,367,CRB
368,1657.25,369,3690,24,368,IMP
369,1437.5,370,3700,34,369,DTL
370,3660.5,371,3710,10,370,CRB
371,2933.94,372,3720,38,371,CRB
372,1840.19,373,3730,22,372,DTH
373,1590.75,374,3740,33,373,IMP
374,1469.31,375,3750,32,374,CRB
375,1571,376,3760,31,375,DTH
376,1675.06,377,3770,34,376,DTL
377,1539.06,378,3780,31,377,CRB
378,5386.94,379,3790,29,378,CRB
379,1949.88,380,3800,32,379,CRB
380,1556.38,381,3810,27,380,DTL
381,1581.13,382,3820,31,381,DTH
382,1841.5,383,3830,33,382,IMP
383,5983.38,384,3840,27,383,DTH
384,1851.63,385,3850,34,384,DTL
385,1893.69,386,3860,35,385,CRB
386,4405.06,387,3870,10,386,DTL
387,1564.5,388,3880,26,387,DTH
388,1601.44,389,3890,33,388,IMP
389,2286.69,390,3900,33,389,IMP
390,3784.56,391,3910,21,390,DTH
391,1449.69,392,3920,35,391,CRB
392,2443.44,393,3930,34,392,DTL
393,3557.56,394,3940,32,393,CRB
394,4821.69,395,3950,30,394,CRB
395,2350.81,396,3960,26,395,DTH
396,2506,397,3970,22,396,DTH
397,1371.81,398,3980,33,397,IMP
398,2697.63,399,3990,31,398,DTH
399,2334,400,4000,37,399,IMP
400,3416.06,401,4010,33,400,IMP
401,2241.69,402,4020,37,401,IMP
402,2648.25,403,4030,36,402,CRB
403,4231.38,404,4040,26,403,DTH
404,2777.38,405,4050,31,404,DTH
405,1887.75,406,4060,33,405,IMP
406,1965.69,407,4070,31,406,CRB
407,1565.63,408,4080,31,407,CRB
408,2554.88,409,4090,24,408,IMP
409,2388,410,4100,19,409,CRB
410,1580.88,411,4110,29,410,CRB
411,2331.31,412,4120,27,411,CRB
412,4549.19,413,4130,34,412,DTL
413,1638.38,414,4140,22,413,DTH
414,5577.13,415,4150,33,414,IMP
415,1608.63,416,4160,29,415,DTH
416,3668.75,417,4170,10,416,DTL
417,4836.75,418,4180,22,417,DTH
418,1505.06,419,4190,21,418,DTH
419,1455,420,4200,35,419,CRB
420,1869.38,421,4210,27,420,DTH
421,7325.06,422,4220,26,421,DTH
422,3750.5,423,4230,23,422,CRB
423,3625.88,424,4240,30,423,CRB
424,1824.94,425,4250,27,424,DTL
425,1409,426,4260,17,425,DTL
426,2640.56,427,4270,24,426,IMP
427,1559.69,428,4280,29,427,CRB
428,1529.69,429,4290,18,428,CRB
429,2288.38,430,4300,18,429,DTL
430,2797.25,431,4310,18,430,DTL
431,3061.44,432,4320,22,431,IMP
432,1439.63,433,4330,19,432,DTL
433,2066.94,434,4340,25,433,CRB
434,7679,435,4350,21,434,DTH
435,2745.75,436,4360,27,435,DTL
436,4493.81,437,4370,9,436,IMP
437,3913.19,438,4380,10,437,CRB
438,2255.44,439,4390,10,438,CRB
439,1840.5,440,4400,10,439,DTH
440,2744.75,441,4410,17,440,DTL
441,3124.19,442,4420,22,441,IMP
442,3269.63,443,4430,24,442,IMP
443,3027.31,444,4440,24,443,IMP
444,1644.94,445,4450,18,444,DTL
445,1984.88,446,4460,18,445,CRB
446,3984.13,447,4470,21,446,DTH
447,1640.75,448,4480,10,447,DTH
448,3365.13,449,4490,24,448,IMP
449,1882.81,450,4500,9,449,IMP
450,8019.75,451,4510,23,450,CRB
451,2592.38,452,4520,19,451,CRB
452,2961.69,453,4530,25,452,CRB
453,1464.44,454,4540,18,453,DTL
454,3475.88,455,4550,10,454,CRB
455,4009.31,456,4560,5,455,DTH
456,1445,457,4570,5,456,IMP
457,2227.13,458,4580,9,457,IMP
458,1540.13,459,4590,13,458,DTL
459,1743.38,460,4600,9,459,IMP
460,2101.13,461,4610,17,460,CRB
461,5379.13,462,4620,9,461,IMP
462,1887.63,463,4630,18,462,DTL
463,1699.06,464,4640,14,463,CRB
464,1604.13,465,4650,9,464,IMP
465,3515.5,466,4660,17,465,CRB
466,2033.31,467,4670,10,466,CRB
467,2415.19,468,4680,17,467,CRB
468,3961.5,469,4690,11,468,IMP
469,1949.44,470,4700,11,469,IMP
470,5568.19,471,4710,16,470,DTL
471,1412.94,472,4720,11,471,IMP
472,1425.5,473,4730,9,472,IMP
473,1872.06,474,4740,13,473,DTL
474,3360.81,475,4750,10,474,CRB
475,1439.06,476,4760,19,475,CRB
476,1871.06,477,4770,19,476,CRB
477,1542.25,478,4780,14,477,DTL
478,1434.13,479,4790,9,478,IMP
479,2959.63,480,4800,10,479,CRB
480,2782.13,481,4810,17,480,CRB
481,2305,482,4820,1,481,DTH
482,2210.13,483,4830,9,482,IMP
483,6948.19,484,4840,18,483,DTL
484,2742.31,485,4850,16,484,DTL
485,1610.13,486,4860,13,485,DTH
486,2135,487,4870,14,486,CRB
487,1563.38,488,4880,11,487,IMP
488,2536.44,489,4890,5,488,IMP
489,5130.94,490,4900,10,489,DTL
490,1393.56,491,4910,9,490,IMP
491,2243.25,492,4920,13,491,DTL
492,1511.75,493,4930,9,492,IMP
493,3409.31,494,4940,16,493,DTL
494,1948.63,495,4950,10,494,CRB
495,2172.06,496,4960,5,495,CRB
496,2808.81,497,4970,5,496,IMP
497,10.63,498,4980,76,497,DTH
498,5470.25,499,4990,76,498,DTH
499,217.81,500,5000,76,499,DTH
500,263.56,501,5010,76,500,DTH
501,137.25,502,5020,84,501,DTL
502,1688.75,503,5030,76,502,DTH
503,494.75,504,5040,71,503,DTH
504,141,505,5050,77,504,DTH
505,877.25,506,5060,77,505,DTL
506,618.19,507,5070,77,506,DTH
507,5274.06,508,5080,71,507,DTH
508,2.56,509,5090,71,508,CRB
509,2.31,510,5100,71,509,CRB
510,482.94,511,5110,77,510,DTH
511,1211.31,512,5120,34,511,CRB
512,3189.5,513,5130,72,512,DTH
513,2448.94,514,5140,39,513,DTH
514,819.56,515,5150,39,514,DTH
515,3719.94,516,5160,34,515,CRB
516,295.56,517,5170,34,516,CRB
517,29.94,518,5180,34,517,CRB
518,209.38,519,5190,34,518,CRB
519,3987.5,520,5200,39,519,DTH
520,1757.63,521,5210,34,520,DTH
521,986.13,522,5220,39,521,DTH
522,46.88,523,5230,39,522,DTH
523,159.5,524,5240,34,523,DTH
524,65.81,525,5250,39,524,DTH
525,1312.75,526,5260,39,525,DTH
526,11,527,5270,49,526,DTH
527,2004.06,528,5280,34,527,DTH
528,534.5,529,5290,34,528,DTH
529,1660.94,530,5300,49,529,DTH
530,260.94,531,5310,64,530,CRB
531,858.69,532,5320,64,531,DTH
532,11.75,533,5330,64,532,DTH
533,45.69,534,5340,64,533,CRB
534,1588.56,535,5350,64,534,DTH
535,1852.69,536,5360,58,535,DTH
536,23.88,537,5370,58,536,DTH
537,3490.88,538,5380,58,537,DTL
538,151.94,539,5390,58,538,DTL
539,2786.88,540,5400,65,539,DTL
540,1882.81,541,5410,124,540,DTL
541,912.25,542,5420,124,541,DTL
542,2716.38,543,5430,124,542,DTL
543,69.88,544,5440,124,543,DTL
544,2114.06,545,5450,124,544,DTL
545,569.63,546,5460,44,545,DTL
546,1691.88,547,5470,44,546,DTH
547,4.63,548,5480,44,547,DTH
548,66.63,549,5490,43,548,DTH
549,1586.69,550,5500,43,549,DTH
550,638.38,551,5510,43,550,CRB
551,505.31,552,5520,43,551,DTH
552,540.25,553,5530,43,552,DTH
553,3561.81,554,5540,43,553,CRB
554,852.25,555,5550,79,554,DTL
555,342.13,556,5560,51,555,CRB
556,171.75,557,5570,52,556,DTH
557,2908.44,558,5580,51,557,DTL
558,1788.13,559,5590,52,558,DTH
559,2141.44,560,5600,51,559,CRB
560,390.06,561,5610,52,560,DTH
561,17.19,562,5620,66,561,DTH
562,43.94,563,5630,21,562,DTH
563,351.44,564,5640,21,563,DTH
564,3536.69,565,5650,51,564,CRB
565,1890.06,566,5660,21,565,DTH
566,992.25,567,5670,51,566,DTL
567,2093.94,568,5680,21,567,DTH
568,2620.69,569,5690,51,568,DTL
569,2284.69,570,5700,21,569,DTH
570,852.88,571,5710,51,570,DTL
571,411.44,572,5720,10,571,DTH
572,2207.19,573,5730,21,572,DTH
573,3531,574,5740,21,573,DTH
574,5523.25,575,5750,10,574,DTL
575,8762.5,576,5760,21,575,DTH
576,2892.88,577,5770,41,576,CRB
577,31.44,578,5780,81,577,DTH
578,2132.75,579,5790,81,578,DTH
579,750,580,5800,81,579,DTH
580,336.31,581,5810,68,580,DTH
581,1092.06,582,5820,75,581,DTL
582,945.06,583,5830,68,582,IMP
583,703.13,584,5840,75,583,DTL
584,1851.69,585,5850,82,584,DTL
585,2719.88,586,5860,68,585,IMP
586,53.13,588,5880,68,586,IMP
587,1.06,589,5890,68,587,IMP
588,83.5,590,5900,67,588,DTH
589,64.56,591,5910,68,589,IMP
590,533.94,592,5920,69,590,IMP
591,3673.5,593,5930,67,591,DTH
592,4133.31,594,5940,46,592,DTH
593,150.94,595,5950,46,593,DTH
594,2275.5,596,5960,69,594,IMP
595,1043.5,597,5970,46,595,DTL
596,3852.75,598,5980,67,596,DTH
597,166.5,599,5990,46,597,DTH
598,510.06,600,6000,42,598,IMP
599,208.31,601,6010,46,599,DTL
600,217.56,602,6020,42,600,IMP
601,2272.5,603,6030,46,601,DTH
602,659.38,604,6040,74,602,DTH
603,6611.38,605,6050,67,603,DTH
604,2677.44,606,6060,46,604,DTH
605,745.5,607,6070,74,605,DTH
606,533.63,608,6080,46,606,DTH
607,1332.06,609,6090,37,607,DTH
608,77.56,610,6100,37,608,DTH
609,371.94,611,6110,46,609,DTH
610,2796.75,612,6120,42,610,IMP
611,611.13,613,6130,46,611,DTH
612,1265.56,614,6140,43,612,CRB
613,351.13,615,6150,46,613,DTH
614,3440.94,616,6160,78,614,DTH
615,1331.75,617,6170,46,615,DTH
616,664,618,6180,43,616,CRB
617,294.81,619,6190,64,617,DTH
618,4013.31,620,6200,37,618,DTH
619,111.75,621,6210,43,619,CRB
620,249.63,622,6220,33,620,DTH
621,727.19,623,6230,78,621,DTH
622,0.44,624,6240,33,622,DTH
623,2282.75,625,6250,42,623,IMP
624,572.44,626,6260,80,624,DTH
625,485.44,627,6270,78,625,DTH
626,1682.94,628,6280,83,626,DTH
627,776.31,629,6290,33,627,DTH
628,1429.06,631,6310,39,628,DTH
629,1082.25,632,6320,42,629,IMP
630,3564.31,633,6330,43,630,CRB
631,45.88,634,6340,39,631,DTH
632,3537.56,635,6350,37,632,IMP
633,2495.81,636,6360,23,633,DTL
634,2238.06,637,6370,80,634,DTH
635,1401.75,638,6380,83,635,DTH
636,63.31,639,6390,80,636,DTH
637,509.63,640,6400,23,637,DTL
638,4833.44,641,6410,44,638,DTH
639,685.63,642,6420,42,639,IMP
640,1913.44,643,6430,33,640,DTH
641,3.25,644,6440,33,641,DTH
642,5667.69,645,6450,78,642,DTH
643,853.69,646,6460,43,643,CRB
644,12046.88,647,6470,64,644,DTH
645,4168,648,6480,81,645,DTH
646,3414.56,649,6490,83,646,DTH
647,2878.75,650,6500,78,647,DTH
648,4145.94,651,6510,80,648,DTL
649,1706.13,652,6520,78,649,DTH
650,6404,653,6530,23,650,CRB
651,4764.31,654,6540,33,651,IMP
652,10107.63,655,6550,23,652,CRB
653,8380.06,656,6560,26,653,DTH
654,2225.25,657,6570,37,654,IMP
655,8111.69,658,6580,33,655,DTH
656,8518.75,659,6590,10,656,CRB
657,4225.06,660,6600,42,657,IMP
658,3049.06,661,6610,39,658,DTH
659,3330,662,6620,21,659,DTH
660,2156.94,663,6630,42,660,IMP
661,4866.88,664,6640,39,661,DTH
662,8236.81,665,6650,21,662,DTH
663,3504.81,666,6660,42,663,IMP
664,2302.44,667,6670,23,664,DTH
665,259.88,668,6680,34,665,DTH
666,1758.06,669,6690,43,666,CRB
667,2498.38,670,6700,44,667,CRB
668,1453.63,671,6710,43,668,CRB
669,4266.56,672,6720,63,669,IMP
670,187.25,673,6730,63,670,IMP
671,725.81,674,6740,63,671,IMP
672,390.88,675,6750,63,672,IMP
673,1734.31,676,6760,63,673,IMP
674,864.25,677,6770,63,674,IMP
675,643.25,678,6780,63,675,IMP
676,524.19,679,6790,63,676,IMP
677,40.94,680,6800,57,677,IMP
678,1739.5,681,6810,57,678,IMP
679,2075.69,682,6820,57,679,IMP
680,59.63,683,6830,57,680,IMP
681,2573.5,684,6840,57,681,IMP
682,1728.25,685,6850,124,682,DTH
683,2245.5,686,6860,57,683,IMP
684,85.31,687,6870,57,684,IMP
685,615.25,688,6880,60,685,IMP
686,3523.94,689,6890,62,686,DTH
687,1695.56,690,6900,62,687,DTH
688,4762.06,691,6910,60,688,IMP
689,2747.81,692,6920,41,689,CRB
690,33.81,693,6930,60,690,IMP
691,662.56,694,6940,56,691,CRB
692,298.75,695,6950,55,692,DTH
693,1242.88,696,6960,60,693,IMP
694,549.56,697,6970,56,694,CRB
695,4130.81,698,6980,70,695,CRB
696,2107.38,699,6990,55,696,IMP
697,3460.94,700,7000,60,697,IMP
698,1834,701,7010,70,698,DTH
699,20.81,702,7020,60,699,IMP
700,1396.06,703,7030,55,700,DTH
701,1568.06,704,7040,45,701,IMP
702,5496,705,7050,43,702,CRB
703,566.25,706,7060,55,703,DTH
704,7138.5,707,7070,62,704,CRB
705,2408.69,708,7080,50,705,CRB
706,5020.31,709,7090,51,706,CRB
707,1637.75,710,7100,43,707,CRB
708,2076.06,711,7110,70,708,DTH
709,82.31,712,7120,43,709,CRB
710,2448.56,713,7130,45,710,IMP
711,2236.56,714,7140,60,711,IMP
712,1968.81,715,7150,59,712,DTL
713,2414.06,716,7160,55,713,DTH
714,75.13,717,7170,70,714,DTH
715,2070.19,718,7180,47,715,IMP
716,13.5,719,7190,61,716,IMP
717,1056.06,720,7200,55,717,IMP
718,2534,721,7210,54,718,CRB
719,1288,722,7220,53,719,DTL
720,162,723,7230,70,720,DTH
721,650.44,724,7240,51,721,CRB
722,334.94,725,7250,61,722,IMP
723,1978.25,726,7260,73,723,DTL
724,209.19,727,7270,51,724,DTL
725,761.06,728,7280,45,725,IMP
726,3298.69,729,7290,59,726,DTH
727,69.63,730,7300,63,727,IMP
728,156.56,731,7310,51,728,DTL
729,903.25,732,7320,53,729,DTL
730,974.38,733,7330,55,730,IMP
731,5977.75,734,7340,48,731,IMP
732,2215.31,735,7350,45,732,IMP
733,581,736,7360,34,733,DTH
734,1554.5,738,7380,70,734,DTH
735,476.31,739,7390,48,735,IMP
736,326.75,740,7400,34,736,DTL
737,491,741,7410,51,737,CRB
738,803.69,742,7420,55,738,DTH
739,858,743,7430,59,739,DTH
740,55.31,744,7440,70,740,DTL
741,82.88,745,7450,34,741,DTH
742,4782.38,746,7460,73,742,DTL
743,2075.5,747,7470,52,743,DTH
744,201.56,748,7480,39,744,DTH
745,1663.69,749,7490,51,745,CRB
746,226.06,750,7500,57,746,IMP
747,2.81,751,7510,63,747,IMP
748,879.44,752,7520,58,748,DTL
749,6088,753,7530,62,749,CRB
750,371.56,754,7540,46,750,DTH
751,632.38,755,7550,67,751,DTH
752,1319.5,756,7560,48,752,IMP
753,1401.94,757,7570,54,753,CRB
754,1448.38,758,7580,45,754,IMP
755,7422,759,7590,47,755,IMP
756,5.94,760,7600,43,756,CRB
757,433.94,761,7610,51,757,CRB
758,2413.63,762,7620,55,758,IMP
759,1178.44,763,7630,33,759,DTH
760,1.81,764,7640,80,760,DTH
761,0.06,765,7650,68,761,IMP
762,3146.44,766,7660,63,762,IMP
763,13.81,767,7670,55,763,IMP
764,1.44,768,7680,68,764,IMP
765,2072.56,769,7690,45,765,IMP
766,3336.5,770,7700,55,766,DTH
767,5144.13,771,7710,53,767,DTL
768,170.5,772,7720,58,768,DTH
769,6908.13,774,7740,43,769,CRB
770,2873.81,775,7750,51,770,CRB
771,2859.13,776,7760,73,771,DTL
772,1143.88,777,7770,76,772,DTL
773,727.19,778,7780,60,773,IMP
774,1680.5,779,7790,83,774,DTH
775,1166.44,780,7800,48,775,IMP
776,10.63,781,7810,60,776,IMP
777,963.31,782,7820,61,777,IMP
778,326.38,783,7830,57,778,IMP
779,1.81,784,7840,124,779,DTH
780,2557.63,785,7850,59,780,CRB
781,593.44,787,7870,60,781,IMP
782,242.38,788,7880,45,782,IMP
783,108.63,789,7890,62,783,DTH
784,1470.63,790,7900,80,784,DTH
785,1291.94,791,7910,73,785,DTL
786,1915,793,7930,55,786,DTH
787,9349.88,795,7950,50,787,CRB
788,56.63,796,7960,34,788,CRB
789,366.44,797,7970,34,789,DTH
790,2.38,798,7980,124,790,DTH
791,3159.56,799,7990,80,791,DTH
792,4888.19,800,8000,81,792,DTH
793,1410.94,801,8010,67,793,DTH
794,4341.38,802,8020,76,794,CRB
795,1578.56,803,8030,67,795,DTH
796,1543.88,804,8040,83,796,DTH
797,3098.13,805,8050,55,797,DTH
798,2647.69,806,8060,81,798,IMP
799,1459.44,807,8070,80,799,DTH
800,7874.5,808,8080,70,800,DTH
801,6978.13,809,8090,70,801,DTH
802,2416.06,810,8100,77,802,DTH
803,3004.44,811,8110,83,803,DTH
804,1909,812,8120,83,804,DTH
805,1448.81,813,8130,76,805,DTL
806,3230.31,814,8140,84,806,DTH
807,6302.13,815,8150,77,807,CRB
808,1620.69,816,8160,55,808,DTH
809,6924.5,817,8170,79,809,DTH
810,5157.5,818,8180,67,810,DTH
811,3964.69,819,8190,73,811,DTL
812,3179.25,820,8200,78,812,DTL
813,2014.81,821,8210,55,813,DTH
814,2070.75,822,8220,73,814,DTL
815,2995.25,823,8230,63,815,IMP
816,3969.44,824,8240,62,816,CRB
817,2571.63,825,8250,78,817,DTL
818,3579.75,826,8260,67,818,DTH
819,3581.19,827,8270,63,819,IMP
820,2243.94,828,8280,76,820,DTL
821,10004.94,829,8290,56,821,CRB
822,1449,830,8300,70,822,DTH
823,1811.44,831,8310,59,823,CRB
824,1814.13,832,8320,77,824,DTL
825,2286.81,833,8330,46,825,DTH
826,1983.25,834,8340,68,826,IMP
827,2459.81,835,8350,62,827,CRB
828,1547.38,836,8360,59,828,CRB
829,2731.38,837,8370,76,829,DTL
830,1552.5,838,8380,55,830,DTH
831,4558.94,839,8390,60,831,IMP
832,3309.81,840,8400,46,832,DTH
833,1775.75,841,8410,51,833,DTH
834,5370,842,8420,70,834,DTH
835,1834.63,843,8430,70,835,DTH
836,2256.25,844,8440,46,836,DTL
837,1723.94,845,8450,73,837,CRB
838,4053.69,846,8460,68,838,IMP
839,1534.63,847,8470,73,839,DTL
840,1736.56,848,8480,60,840,IMP
841,1909.25,849,8490,60,841,IMP
842,2375.94,850,8500,55,842,DTH
843,2160.56,851,8510,60,843,IMP
844,1772,852,8520,64,844,DTH
845,2362.56,853,8530,51,845,CRB
846,1973.81,854,8540,70,846,DTL
847,1634.06,855,8550,46,847,DTH
848,1484.88,856,8560,60,848,IMP
849,2249.44,857,8570,70,849,DTL
850,1809.38,858,8580,74,850,DTL
851,4513.69,859,8590,75,851,DTL
852,3748.13,860,8600,57,852,IMP
853,3034.69,861,8610,70,853,CRB
854,4294.63,862,8620,58,854,DTL
855,4143.31,863,8630,55,855,DTH
856,2533.06,864,8640,60,856,IMP
857,2348.81,865,8650,60,857,IMP
858,3262.88,866,8660,63,858,IMP
859,1642.44,867,8670,46,859,DTH
860,1586.56,868,8680,51,860,CRB
861,2652.63,869,8690,46,861,DTH
862,1711.19,870,8700,57,862,IMP
863,2842.94,871,8710,68,863,IMP
864,2332.38,872,8720,43,864,CRB
865,2093.25,873,8730,51,865,CRB
866,1791.44,874,8740,50,866,CRB
867,1554.94,875,8750,57,867,IMP
868,1684.5,876,8760,51,868,CRB
869,6109.63,877,8770,59,869,DTH
870,1797.13,878,8780,60,870,IMP
871,6648.31,879,8790,67,871,DTH
872,3327.69,880,8800,51,872,CRB
873,2291.63,881,8810,62,873,DTH
874,1540.56,882,8820,34,874,DTH
875,3469.63,883,8830,46,875,DTH
876,2544.06,884,8840,62,876,CRB
877,3198.19,885,8850,54,877,CRB
878,2454.63,886,8860,43,878,CRB
879,1439.44,887,8870,62,879,DTH
880,1960.56,888,8880,59,880,CRB
881,1582.94,889,8890,63,881,IMP
882,11960.56,890,8900,60,882,IMP
883,1801.56,891,8910,52,883,DTH
884,1400.75,892,8920,124,884,DTL
885,1409.88,893,8930,39,885,DTH
886,2660.75,894,8940,51,886,CRB
887,3796.5,895,8950,55,887,DTH
888,2489,896,8960,46,888,DTH
889,1783.75,897,8970,58,889,DTL
890,1710.06,898,8980,124,890,DTL
891,5222.88,899,8990,39,891,DTH
892,4587.38,900,9000,55,892,IMP
893,5975.5,901,9010,61,893,IMP
894,1984.5,902,9020,60,894,IMP
895,1803.06,903,9030,55,895,IMP
896,4090.19,904,9040,51,896,CRB
897,1619.63,905,9050,60,897,IMP
898,3766.44,906,9060,57,898,IMP
899,3446,907,9070,55,899,IMP
900,3725.56,908,9080,54,900,CRB
901,1980.88,909,9090,61,901,IMP
902,3009.06,910,9100,61,902,IMP
903,2335.63,911,9110,42,903,IMP
904,3038.63,912,9120,62,904,CRB
905,1999.94,913,9130,61,905,IMP
906,4141.25,914,9140,56,906,CRB
907,2577.5,915,9150,45,907,IMP
908,4394.38,916,9160,59,908,DTH
909,2429.56,917,9170,37,909,DTH
910,2584,918,9180,46,910,DTH
911,2521,919,9190,124,911,DTL
912,2488.56,920,9200,21,912,DTH
913,3967.81,921,9210,57,913,IMP
914,1324.06,922,9220,34,914,DTH
915,1750.13,923,9230,21,915,DTH
916,3416.19,924,9240,46,916,DTH
917,2022.88,925,9250,52,917,DTH
918,7487.56,926,9260,54,918,CRB
919,4333.19,927,9270,51,919,CRB
920,4564.75,928,9280,39,920,DTH
921,3066.56,929,9290,58,921,DTH
922,4253.63,930,9300,43,922,CRB
923,1785.25,931,9310,43,923,DTH
924,2447.88,932,9320,37,924,DTH
925,1498.69,933,9330,51,925,CRB
926,2014.38,934,9340,53,926,DTH
927,1767.63,935,9350,56,927,CRB
928,1799.88,936,9360,55,928,IMP
929,3176.94,937,9370,34,929,DTL
930,1478.94,938,9380,51,930,CRB
931,1884.44,939,9390,42,931,IMP
932,3099.63,940,9400,55,932,IMP
933,2993.56,941,9410,51,933,DTH
934,2513.19,942,9420,42,934,IMP
935,1609.75,943,9430,46,935,DTH
936,1823.44,944,9440,45,936,IMP
937,2759.44,945,9450,43,937,CRB
938,3385.56,946,9460,45,938,IMP
939,2070.94,947,9470,55,939,IMP
940,3320.13,948,9480,39,940,DTH
941,1469.81,949,9490,37,941,DTH
942,2791,950,9500,43,942,CRB
943,3752.56,951,9510,27,943,DTL
944,2373.13,952,9520,53,944,DTH
945,1446.94,953,9530,47,945,IMP
946,3145.25,954,9540,52,946,DTH
947,3221.06,955,9550,27,947,DTL
948,1452.56,956,9560,34,948,DTH
949,1639.56,957,9570,39,949,DTH
950,1749.5,958,9580,39,950,DTH
951,2056.75,959,9590,21,951,DTH
952,1607.25,960,9600,50,952,CRB
953,1591.06,961,9610,50,953,CRB
954,2535.88,962,9620,43,954,CRB
955,5399.5,963,9630,34,955,DTH
956,2439.19,964,9640,21,956,DTH
957,6657.44,965,9650,51,957,DTH
958,3792.81,966,9660,21,958,DTH
959,5861.19,967,9670,51,959,CRB
960,3172.88,968,9680,43,960,CRB
961,3037.56,969,9690,34,961,DTH
962,2815.13,970,9700,53,962,CRB
963,2049.88,971,9710,45,963,IMP
964,2706.94,972,9720,48,964,IMP
965,2393.5,973,9730,45,965,IMP
966,1411,974,9740,34,966,CRB
967,2929.94,975,9750,43,967,CRB
968,1933.56,976,9760,39,968,DTH
969,1828.19,977,9770,45,969,IMP
970,2387.94,978,9780,48,970,IMP
971,1406.81,979,9790,48,971,IMP
972,2655.31,980,9800,45,972,IMP
973,2769.81,981,9810,45,973,IMP
974,1932.38,982,9820,49,974,DTH
975,7199.5,983,9830,46,975,DTH
976,2914.44,984,9840,41,976,CRB
977,6688,985,9850,44,977,DTH
978,3497.5,986,9860,33,978,IMP
979,2223.06,987,9870,42,979,IMP
980,5294.94,988,9880,47,980,IMP
981,1471,989,9890,41,981,CRB
982,1830.38,990,9900,37,982,IMP
983,1700,991,9910,33,983,IMP
984,1506.56,992,9920,44,984,CRB
985,16.88,993,9930,97,985,DTH
986,514.31,994,9940,97,986,DTH
987,444.38,995,9950,97,987,DTH
988,3164.81,996,9960,99,988,DTH
989,1123.94,997,9970,99,989,DTH
990,2568.63,998,9980,125,990,DTH
991,4419,999,9990,125,991,DTH
992,165.75,1000,10000,125,992,DTH
993,376,1001,10010,105,993,DTH
994,5967,1002,10020,105,994,DTH
995,985.25,1003,10030,102,995,DTH
996,1912.06,1004,10040,107,996,DTH
997,343.88,1005,10050,98,997,DTH
998,158.19,1006,10060,98,998,DTH
999,1061.25,1007,10070,123,999,DTH
1000,1314.13,1008,10080,123,1000,DTH
1001,100.75,1009,10090,123,1001,DTH
1002,943,1010,10100,92,1002,DTH
1003,2670.5,1011,10110,92,1003,DTH
1004,787.56,1012,10120,92,1004,DTH
1005,917.31,1013,10130,92,1005,DTL
1006,1879.88,1014,10140,92,1006,DTH
1007,830.38,1015,10150,92,1007,DTH
1008,5.63,1016,10160,92,1008,DTH
1009,243.25,1017,10170,95,1009,DTH
1010,2155.63,1018,10180,95,1010,DTH
1011,62.56,1019,10190,95,1011,DTH
1012,18.69,1020,10200,95,1012,DTH
1013,8436.25,1021,10210,87,1013,DTL
1014,5.31,1022,10220,87,1014,DTH
1015,2751.13,1023,10230,87,1015,DTH
1016,6619.69,1024,10240,87,1016,DTL
1017,93.44,1025,10250,87,1017,DTH
1018,680.5,1026,10260,87,1018,DTH
1019,1769.44,1027,10270,90,1019,DTH
1020,451.13,1028,10280,90,1020,DTH
1021,123.38,1029,10290,90,1021,DTH
1022,4537.44,1030,10300,87,1022,DTH
1023,904.38,1031,10310,87,1023,DTH
1024,1564.13,1032,10320,90,1024,DTH
1025,1967.06,1033,10330,87,1025,DTL
1026,82.44,1034,10340,90,1026,DTH
1027,48.81,1035,10350,90,1027,DTH
1028,2170.25,1036,10360,87,1028,DTL
1029,2806.19,1037,10370,90,1029,DTH
1030,868.69,1038,10380,90,1030,DTH
1031,3195.69,1039,10390,87,1031,DTL
1032,54.5,1040,10400,93,1032,DTH
1033,2296.38,1041,10410,88,1033,DTH
1034,1589.75,1042,10420,87,1034,DTH
1035,820.69,1043,10430,88,1035,DTH
1036,1242.25,1044,10440,93,1036,DTH
1037,1120.44,1045,10450,87,1037,DTH
1038,865.81,1046,10460,86,1038,DTH
1039,652.44,1047,10470,87,1039,DTH
1040,236.63,1048,10480,87,1040,DTL
1041,4785.88,1049,10490,86,1041,DTH
1042,2126,1050,10500,76,1042,DTL
1043,604.38,1051,10510,86,1043,DTH
1044,4951.13,1052,10520,93,1044,DTL
1045,35.44,1053,10530,84,1045,DTH
1046,631.69,1054,10540,76,1046,DTH
1047,1913.94,1055,10550,86,1047,DTH
1048,3.19,1056,10560,81,1048,DTH
1049,1203.13,1057,10570,81,1049,DTH
1050,1204.38,1058,10580,76,1050,DTL
1051,2341.19,1059,10590,81,1051,DTH
1052,2492.06,1060,10600,76,1052,DTL
1053,192.75,1061,10610,81,1053,DTH
1054,10.94,1062,10620,81,1054,DTH
1055,55.94,1063,10630,76,1055,DTH
1056,3761.31,1064,10640,84,1056,DTH
1057,155.81,1065,10650,81,1057,DTH
1058,815.06,1066,10660,81,1058,DTH
1059,1325.25,1067,10670,76,1059,DTL
1060,4510.88,1068,10680,76,1060,DTL
1061,6220.69,1069,10690,84,1061,DTH
1062,2808.31,1070,10700,81,1062,IMP
1063,21.5,1071,10710,109,1063,DTH
1064,12128.81,1072,10720,109,1064,DTH
1065,4550,1073,10730,79,1065,DTL
1066,0.31,1074,10740,79,1066,DTH
1067,1444.38,1075,10750,79,1067,DTH
1068,404.13,1076,10760,79,1068,DTH
1069,3025.69,1077,10770,79,1069,DTL
1070,61.63,1078,10780,79,1070,DTL
1071,414.06,1079,10790,79,1071,DTL
1072,711.44,1080,10800,79,1072,DTH
1073,1272.56,1081,10810,81,1073,DTH
1074,369.69,1082,10820,81,1074,IMP
1075,2281.81,1083,10830,79,1075,DTL
1076,3173.44,1084,10840,79,1076,CRB
1077,2714.63,1085,10850,81,1077,IMP
1078,3575.75,1086,10860,91,1078,DTH
1079,2659.06,1087,10870,91,1079,DTH
1080,2301.13,1088,10880,91,1080,DTH
1081,213.13,1089,10890,67,1081,DTH
1082,4410,1090,10900,67,1082,DTL
1083,5118.81,1091,10910,67,1083,DTH
1084,3423.56,1092,10920,67,1084,DTH
1085,3020.56,1093,10930,67,1085,DTH
1086,547.56,1094,10940,67,1086,DTH
1087,1021.88,1095,10950,67,1087,DTH
1088,53.13,1096,10960,67,1088,DTH
1089,884.81,1097,10970,81,1089,DTH
1090,6627.13,1098,10980,106,1090,DTH
1091,1084.63,1099,10990,81,1091,DTH
1092,944.81,1100,11000,67,1092,DTH
1093,1114.88,1101,11010,103,1093,DTH
1094,103.25,1102,11020,125,1094,DTH
1095,110.75,1103,11030,113,1095,DTH
1096,3863.5,1104,11040,105,1096,DTH
1097,1961.75,1105,11050,113,1097,DTH
1098,3059.56,1106,11060,125,1098,DTH
1099,4768.56,1107,11070,108,1099,DTH
1100,3689.56,1108,11080,113,1100,DTH
1101,8866.63,1109,11090,110,1101,IMP
1102,8582.75,1110,11100,103,1102,DTH
1103,6323.38,1111,11110,107,1103,IMP
1104,5012.19,1112,11120,79,1104,CRB
1105,4561.94,1113,11130,81,1105,IMP
1106,2457.75,1114,11140,81,1106,IMP
1107,3431.44,1115,11150,79,1107,CRB
1108,2732.75,1116,11160,76,1108,DTL
1109,3633.06,1117,11170,85,1109,DTH
1110,710.19,1118,11180,80,1110,DTH
1111,552.69,1119,11190,85,1111,DTH
1112,38.94,1120,11200,85,1112,DTH
1113,264.5,1121,11210,80,1113,DTH
1114,1415.19,1122,11220,80,1114,DTL
1115,320.06,1123,11230,92,1115,DTH
1116,2560.56,1124,11240,80,1116,DTH
1117,6344.31,1125,11250,85,1117,DTH
1118,1680.5,1126,11260,89,1118,DTL
1119,2722.44,1127,11270,94,1119,DTH
1120,103.94,1128,11280,85,1120,DTL
1121,2305.13,1129,11290,80,1121,DTH
1122,27.88,1130,11300,78,1122,DTH
1123,2249.25,1131,11310,96,1123,DTH
1124,1425.19,1132,11320,94,1124,DTH
1125,1224.13,1133,11330,89,1125,DTL
1126,2957.5,1134,11340,91,1126,DTH
1127,568.81,1135,11350,80,1127,DTH
1128,3713.56,1136,11360,85,1128,DTH
1129,142.56,1137,11370,97,1129,DTH
1130,834.38,1138,11380,94,1130,DTH
1131,2263.69,1139,11390,96,1131,DTH
1132,1959.19,1140,11400,78,1132,DTH
1133,1492.44,1141,11410,90,1133,DTH
1134,263.56,1142,11420,87,1134,DTL
1135,1815.44,1143,11430,78,1135,DTH
1136,4127.75,1144,11440,87,1136,DTL
1137,219.31,1145,11450,87,1137,DTL
1138,458.19,1146,11460,80,1138,DTL
1139,2711,1147,11470,94,1139,DTL
1140,2277.56,1148,11480,90,1140,DTH
1141,905.19,1149,11490,87,1141,DTL
1142,19,1150,11500,80,1142,DTH
1143,4247.25,1151,11510,98,1143,DTH
1144,1138.25,1152,11520,78,1144,DTH
1145,1692.19,1153,11530,81,1145,DTH
1146,2356.63,1154,11540,95,1146,DTL
1147,5641.25,1155,11550,79,1147,CRB
1148,1470.63,1156,11560,109,1148,DTH
1149,2967.06,1157,11570,103,1149,DTH
1150,7415.25,1158,11580,92,1150,CRB
1151,1635.38,1159,11590,125,1151,DTH
1152,1990.19,1160,11600,123,1152,DTH
1153,1604.63,1161,11610,92,1153,DTH
1154,2084,1162,11620,92,1154,CRB
1155,1710,1163,11630,95,1155,CRB
1156,1575.38,1164,11640,97,1156,DTH
1157,1599.75,1165,11650,95,1157,CRB
1158,1592.31,1166,11660,92,1158,DTH
1159,2248.38,1167,11670,98,1159,DTH
1160,4069.5,1168,11680,87,1160,DTL
1161,1987.25,1169,11690,98,1161,DTL
1162,1428.06,1170,11700,99,1162,DTH
1163,2353.38,1171,11710,97,1163,DTH
1164,4246.38,1172,11720,126,1164,DTH
1165,2228.56,1173,11730,92,1165,DTL
1166,2800.25,1174,11740,87,1166,DTL
1167,2881.25,1175,11750,96,1167,DTH
1168,4487.44,1176,11760,91,1168,DTH
1169,6212.81,1177,11770,90,1169,DTH
1170,4984.81,1178,11780,87,1170,DTL
1171,3587.94,1179,11790,126,1171,DTH
1172,2200.5,1180,11800,87,1172,CRB
1173,2565.5,1181,11810,87,1173,CRB
1174,4420,1182,11820,96,1174,DTH
1175,1902.44,1183,11830,87,1175,DTL
1176,2961.94,1184,11840,96,1176,DTH
1177,3436.44,1185,11850,87,1177,DTL
1178,1823.88,1186,11860,85,1178,DTL
1179,4017.81,1187,11870,87,1179,DTL
1180,1977.88,1188,11880,95,1180,DTL
1181,1861.44,1189,11890,87,1181,DTL
1182,2871.94,1190,11900,97,1182,IMP
1183,1809.81,1191,11910,95,1183,DTL
1184,2528.13,1192,11920,94,1184,DTH
1185,1679.31,1193,11930,67,1185,DTH
1186,3576.38,1194,11940,92,1186,DTL
1187,1452.13,1195,11950,87,1187,DTL
1188,4151.44,1196,11960,90,1188,IMP
1189,2002.81,1197,11970,93,1189,DTH
1190,1401.31,1198,11980,87,1190,DTL
1191,5520.81,1199,11990,85,1191,DTH
1192,3108.38,1200,12000,94,1192,DTH
1193,2302.75,1201,12010,93,1193,DTL
1194,3979.94,1202,12020,87,1194,DTL
1195,4892.63,1203,12030,80,1195,DTH
1196,2564.19,1204,12040,87,1196,DTL
1197,2730.94,1205,12050,87,1197,DTL
1198,3035.38,1206,12060,94,1198,DTH
1199,2077.19,1207,12070,91,1199,DTH
1200,2521.56,1208,12080,89,1200,DTL
1201,1882.88,1209,12090,94,1201,DTH
1202,1416.31,1210,12100,87,1202,DTL
1203,11930.38,1211,12110,91,1203,DTH
1204,4004.56,1212,12120,80,1204,DTH
1205,4359.19,1213,12130,80,1205,DTL
1206,4774.94,1214,12140,90,1206,DTH
1207,3314.25,1215,12150,94,1207,DTH
1208,1419,1216,12160,90,1208,IMP
1209,5555,1217,12170,92,1209,DTL
1210,1987.94,1218,12180,89,1210,DTL
1211,8174.56,1219,12190,85,1211,DTH
1212,1843.38,1220,12200,67,1212,DTH
1213,2221.94,1221,12210,90,1213,IMP
1214,2317.13,1222,12220,79,1214,CRB
1215,2451.81,1223,12230,90,1215,IMP
1216,2609.69,1224,12240,86,1216,DTH
1217,1705.56,1225,12250,80,1217,DTL
1218,1409.25,1226,12260,79,1218,CRB
1219,2286.38,1227,12270,85,1219,DTH
1220,2263.69,1228,12280,79,1220,DTL
1221,2539.63,1229,12290,87,1221,DTL
1222,5207.81,1230,12300,81,1222,DTH
1223,1605.75,1231,12310,86,1223,DTH
1224,1974.31,1232,12320,76,1224,DTL
1225,1851.31,1233,12330,67,1225,DTH
1226,2390.38,1234,12340,90,1226,IMP
1227,4740.31,1235,12350,91,1227,DTH
1228,3665.06,1236,12360,87,1228,DTL
1229,1515.75,1237,12370,80,1229,DTL
1230,8606.56,1238,12380,80,1230,DTH
1231,2306.88,1239,12390,85,1231,DTH
1232,2183.75,1240,12400,79,1232,DTL
1233,4095.13,1241,12410,80,1233,DTH
1234,1793.81,1242,12420,81,1234,DTH
1235,8157.06,1243,12430,89,1235,CRB
1236,3127.13,1244,12440,80,1236,DTH
1237,1444.94,1245,12450,80,1237,DTL
1238,1637.06,1246,12460,79,1238,DTL
1239,2539.19,1247,12470,87,1239,DTL
1240,4195.81,1248,12480,76,1240,DTL
1241,1798.06,1249,12490,67,1241,DTH
1242,2548.13,1250,12500,78,1242,DTH
1243,1796.81,1251,12510,81,1243,DTH
1244,6754.38,1252,12520,84,1244,DTL
1245,2316.75,1253,12530,85,1245,DTH
1246,6489.75,1254,12540,88,1246,IMP
1247,1528,1255,12550,81,1247,DTH
1248,4455.06,1256,12560,79,1248,CRB
1249,9314.88,1257,12570,67,1249,DTH
1250,3381.75,1258,12580,80,1250,DTL
1251,1632.94,1259,12590,81,1251,DTH
1252,2969.56,1260,12600,67,1252,DTH
1253,1718,1261,12610,81,1253,IMP
1254,2302.69,1262,12620,81,1254,DTH
1255,1729.63,1263,12630,78,1255,DTL
1256,3614.75,1264,12640,79,1256,CRB
1257,1923.31,1265,12650,78,1257,DTH
1258,1410.25,1266,12660,67,1258,DTH
1259,2895.69,1267,12670,79,1259,DTL
1260,6091.25,1268,12680,86,1260,IMP
1261,4865.19,1269,12690,76,1261,DTL
1262,6064.5,1270,12700,85,1262,DTH
1263,2742.63,1271,12710,78,1263,DTH
1264,4018.56,1272,12720,67,1264,DTH
1265,1453.13,1273,12730,76,1265,DTL
1266,4354.13,1274,12740,84,1266,DTL
1267,4390.88,1275,12750,76,1267,DTL
1268,2216.81,1276,12760,78,1268,DTL
1269,3301.5,1277,12770,78,1269,DTH
1270,2127.75,1278,12780,102,1270,DTH
1271,2059.44,1279,12790,102,1271,DTH
1272,1549,1280,12800,102,1272,DTH
1273,4433.19,1281,12810,111,1273,DTH
1274,1189.38,1282,12820,126,1274,DTH
1275,1130,1283,12830,126,1275,IMP
1276,374.63,1284,12840,126,1276,DTH
1277,7.75,1285,12850,126,1277,DTH
1278,3221.38,1286,12860,126,1278,DTH
1279,175.44,1287,12870,126,1279,DTH
1280,183.5,1288,12880,126,1280,DTH
1281,45.38,1289,12890,126,1281,DTH
1282,1814.13,1290,12900,126,1282,DTH
1283,1861.75,1291,12910,126,1283,DTH
1284,7384.56,1292,12920,107,1284,DTH
1285,87.88,1293,12930,107,1285,IMP
1286,38.75,1294,12940,107,1286,DTH
1287,4318.5,1295,12950,107,1287,DTH
1288,1803.06,1296,12960,109,1288,IMP
1289,1981.44,1297,12970,109,1289,IMP
1290,5900.94,1298,12980,109,1290,DTH
1291,994.5,1299,12990,119,1291,DTH
1292,4854.94,1300,13000,119,1292,IMP
1293,447.81,1301,13010,119,1293,IMP
1294,6715.69,1302,13020,119,1294,IMP
1295,53.19,1303,13030,119,1295,DTH
1296,8.31,1304,13040,121,1296,DTH
1297,355.19,1305,13050,121,1297,DTH
1298,1769.81,1306,13060,91,1298,DTH
1299,3708.69,1307,13070,106,1299,DTH
1300,1337.25,1308,13080,112,1300,DTL
1301,527.56,1309,13090,112,1301,DTH
1302,6967,1310,13100,115,1302,DTH
1303,523.06,1311,13110,115,1303,DTL
1304,1191.88,1312,13120,115,1304,DTL
1305,3361.06,1313,13130,101,1305,DTL
1306,1024.13,1314,13140,101,1306,DTL
1307,7983.81,1315,13150,100,1307,DTL
1308,4365.38,1316,13160,104,1308,DTL
1309,1144.5,1317,13170,100,1309,DTL
1310,88.13,1318,13180,126,1310,DTH
1311,211.06,1319,13190,104,1311,DTL
1312,0.88,1320,13200,126,1312,DTH
1313,1388.63,1321,13210,101,1313,DTL
1314,2848.75,1322,13220,122,1314,DTH
1315,9635.13,1323,13230,121,1315,DTH
1316,2183.56,1324,13240,121,1316,IMP
1317,6018.5,1325,13250,126,1317,DTH
1318,7162.94,1326,13260,100,1318,DTL
1319,8047.06,1327,13270,101,1319,DTL
1320,3553.56,1328,13280,104,1320,CRB
1321,5064.75,1329,13290,106,1321,CRB
1322,8254.06,1330,13300,104,1322,CRB
1323,8197.5,1331,13310,102,1323,DTH
1324,6755.69,1332,13320,101,1324,CRB
1325,4910.75,1333,13330,126,1325,DTH
1326,2378.69,1334,13340,102,1326,DTH
1327,1788,1335,13350,104,1327,CRB
1328,1841.56,1336,13360,101,1328,DTL
1329,1508.63,1337,13370,101,1329,CRB
1330,2968.06,1338,13380,100,1330,DTL
1331,174.06,1339,13390,108,1331,DTH
1332,4581.94,1340,13400,116,1332,DTH
1333,4894.63,1341,13410,114,1333,IMP
1334,1009.13,1342,13420,114,1334,IMP
1335,6608.19,1343,13430,108,1335,DTH
1336,1134.31,1344,13440,114,1336,IMP
1337,425,1345,13450,114,1337,IMP
1338,3602.06,1346,13460,116,1338,DTL
1339,639.5,1347,13470,120,1339,DTH
1340,800.38,1348,13480,114,1340,IMP
1341,1438.38,1349,13490,116,1341,DTL
1342,1217.25,1350,13500,116,1342,DTL
1343,1027.69,1351,13510,114,1343,IMP
1344,20.88,1352,13520,114,1344,IMP
1345,2029.88,1353,13530,116,1345,DTL
1346,4514.19,1354,13540,118,1346,IMP
1347,640.5,1355,13550,110,1347,IMP
1348,12557.75,1356,13560,117,1348,IMP
1349,10.94,1357,13570,126,1349,DTH
1350,444.69,1358,13580,110,1350,IMP
1351,3318.19,1359,13590,103,1351,DTH
1352,6653.63,1360,13600,108,1352,IMP
1353,768.88,1361,13610,116,1353,DTL
1354,1094.25,1362,13620,110,1354,IMP
1355,383.63,1363,13630,114,1355,IMP
1356,2840.38,1364,13640,119,1356,IMP
1357,2857.25,1365,13650,114,1357,IMP
1358,3276.13,1366,13660,117,1358,IMP
1359,677.63,1367,13670,108,1359,IMP
1360,11202.94,1368,13680,113,1360,DTH
1361,939.94,1369,13690,116,1361,DTL
1362,203.38,1370,13700,117,1362,IMP
1363,209.31,1371,13710,109,1363,IMP
1364,26,1373,13730,114,1364,IMP
1365,5.25,1374,13740,117,1365,IMP
1366,2676.19,1375,13750,119,1366,DTH
1367,2302.38,1376,13760,110,1367,IMP
1368,4085.81,1377,13770,108,1368,DTH
1369,323.69,1378,13780,116,1369,DTL
1370,514.56,1379,13790,117,1370,IMP
1371,1457.06,1380,13800,121,1371,DTH
1372,12645.81,1381,13810,120,1372,CRB
1373,1763.06,1382,13820,119,1373,IMP
1374,2927.63,1383,13830,117,1374,IMP
1375,2145.75,1384,13840,117,1375,IMP
1376,3580.44,1385,13850,108,1376,IMP
1377,4909.69,1386,13860,117,1377,IMP
1378,2297.75,1387,13870,117,1378,IMP
1379,2678.06,1388,13880,108,1379,IMP
1380,2411.5,1389,13890,117,1380,IMP
1381,13726.06,1390,13900,113,1381,IMP
1382,1737.56,1391,13910,117,1382,IMP
1383,3145.13,1392,13920,114,1383,IMP
1384,2314.13,1393,13930,110,1384,IMP
1385,2722.31,1394,13940,113,1385,IMP
1386,1925.94,1395,13950,108,1386,IMP
1387,3562.19,1396,13960,116,1387,CRB
1388,3749.94,1397,13970,114,1388,IMP
1389,2619.38,1398,13980,116,1389,CRB
1390,6899.88,1399,13990,114,1390,IMP
1391,1787.75,1400,14000,120,1391,CRB
1392,1593.38,1401,14010,119,1392,DTH
1393,2075,1402,14020,114,1393,IMP
1394,4210.63,1403,14030,103,1394,IMP
1395,2781.94,1404,14040,110,1395,IMP
1396,6523.94,1405,14050,114,1396,IMP
1397,1750.94,1406,14060,119,1397,IMP
1398,3075.25,1407,14070,119,1398,DTH
1399,9529.88,1408,14080,118,1399,IMP
1400,2171.38,1409,14090,113,1400,IMP
1401,4048.25,1410,14100,116,1401,DTL
1402,2862.56,1411,14110,110,1402,IMP
1403,7864.88,1412,14120,126,1403,IMP
1404,3281.94,1413,14130,116,1404,DTL
1405,5290.44,1414,14140,109,1405,IMP
1406,4282.5,1415,14150,103,1406,DTH
1407,1960.06,1416,14160,110,1407,IMP
1408,1426.88,1417,14170,108,1408,DTH
1409,1919.81,1418,14180,116,1409,DTL
1410,1417.19,1419,14190,116,1410,DTL
1411,2061.06,1420,14200,114,1411,IMP
1412,6066.69,1421,14210,118,1412,IMP
1413,1842.63,1422,14220,109,1413,DTH
1414,2332.94,1423,14230,116,1414,DTL
1415,1869.69,1424,14240,110,1415,IMP
1416,3881.31,1425,14250,109,1416,IMP
1417,2783.56,1426,14260,108,1417,IMP
1418,1774.13,1427,14270,110,1418,IMP
1419,1837.75,1428,14280,108,1419,IMP
1420,1461.94,1429,14290,114,1420,IMP
1421,3146.94,1430,14300,108,1421,DTH
1422,3352.75,1431,14310,116,1422,DTH
1423,6997.94,1432,14320,107,1423,IMP
1424,1608.75,1433,14330,114,1424,IMP
1425,1984.81,1434,14340,103,1425,DTH
1426,2681,1435,14350,116,1426,CRB
1427,6177.75,1436,14360,126,1427,IMP
1428,1540.06,1437,14370,109,1428,IMP
1429,1413.75,1438,14380,114,1429,IMP
1430,1433.13,1439,14390,126,1430,IMP
1431,2686.19,1440,14400,102,1431,DTH
1432,1676.38,1441,14410,115,1432,DTL
1433,2907.06,1442,14420,115,1433,DTL
1434,2143.56,1443,14430,126,1434,IMP
1435,1644.19,1444,14440,112,1435,CRB
1436,1425.13,1445,14450,100,1436,DTL
1437,1415.31,1446,14460,107,1437,IMP
1438,1545.81,1447,14470,107,1438,DTH
1439,53.75,1448,14480,121,1439,DTH
1440,622.38,1449,14490,121,1440,DTH
1441,2256.13,1450,14500,121,1441,DTH
1442,3231.31,1451,14510,121,1442,DTH
1443,251.25,1452,14520,122,1443,IMP
1444,1396.19,1453,14530,122,1444,IMP
1445,5168,1454,14540,122,1445,DTH
1446,3502.44,1455,14550,122,1446,IMP
1447,2526.25,1456,14560,122,1447,IMP
1448,7278.94,1457,14570,122,1448,IMP
1449,2331.13,1458,14580,121,1449,IMP
1450,1473.88,1459,14590,121,1450,DTH
